,root_idx,0,7,19,31,43,55,67,79,91,104,115,127,139,151,163,168,side,label,condition,condition-side,uniq-condition
0,p13.rsml,12.929473845950726,14.740799936942777,17.278644268945122,21.03876322753238,26.777555113059968,32.798289058070566,38.69276748057913,46.527726944418745,52.40932854754617,61.05302360488862,67.65064392276143,76.03612007860386,83.06105024207069,84.10013301067,84.17913301067,84.29085588209747,L,3,HH,HH-L,homo-high
1,p13.rsml,18.98097469840001,21.22806651661821,24.468339342629577,29.00507441464206,34.2502691059095,40.658173713177064,46.653192445614124,54.33728217619687,60.48350864707799,66.8014880736151,71.52410612463873,80.06766662356573,80.2443159937882,80.3628159937882,80.40231599378819,80.45817742950193,R,3,HH,HH-R,homo-high
2,p15.rsml,15.530731053324274,17.673843877738538,19.467791988405985,21.56945430491324,24.91447376817002,29.880705938128347,35.00755560625288,41.69458932349262,47.520297766420164,53.74681294277713,59.682522868034404,66.44111543885438,72.42940502468971,78.68409670715857,82.68301651834678,82.68301651834678,L,1,LH,LH-L,hetero-low
3,p15.rsml,14.433927769058997,15.546257868444968,17.907935003435203,21.140497760816373,25.829380396285718,31.15518109431841,37.43335557806428,44.73103100950827,50.66385717169047,56.53978737321816,60.84981480932573,68.63492310979271,71.67873067598345,81.38930578768512,83.58466731827637,83.99705942537834,R,1,LH,LH-R,hetero-high
4,p21.rsml,18.728777844087467,20.87001612105023,23.970644202824246,28.24622923847972,33.494988154897136,39.37524728846179,45.74426082203569,53.37671118878202,59.62764572510854,67.45171441097013,74.4500763599206,81.13165636555924,84.46778781773473,84.46778781773473,84.46778781773473,84.46778781773473,L,1,LH,LH-L,hetero-low
5,p21.rsml,15.515325046038878,17.515432910037713,20.97881292349601,25.628485380270316,31.12704224183128,37.60797318067817,43.91256922327135,46.47912828331864,48.044245691055195,53.10410164256211,58.47668249351262,63.17734845696928,69.65835842841663,77.87521295128607,80.73262231117835,81.05834765560215,R,1,LH,LH-R,hetero-high
6,p26.rsml,17.769338130744003,19.356535317227884,21.161005713892504,25.19068521905009,28.5399002887539,33.02198425096681,37.485798126209914,41.63345963030008,46.15510576054,51.585361905056224,56.94575934483656,63.00043324581226,68.85030965879967,75.20022063712939,80.48635066757598,83.36307353900345,L,0,LL,LL-L,homo-low
7,p26.rsml,14.012617318059,14.515370239482642,15.06977915896356,16.064363745612678,17.291409486406394,18.121849430050723,20.402126210819013,22.969794011482282,25.100133933362468,28.31512449755406,31.44186825104586,35.63667306773104,39.44712809565402,44.99428539271566,49.40006771634232,51.69413032446792,R,0,LL,LL-R,homo-low
8,p27.rsml,24.523647495029728,26.703913698610023,28.889444513019374,31.752024567989316,36.39175635143888,42.16894793077677,48.79975384557598,55.41099760069138,61.94680360881727,68.33841868373352,75.4350072923516,82.6548946217946,87.27199454531782,87.31149454531781,87.31149454531781,87.31149454531781,L,1,LH,LH-L,hetero-low
9,p27.rsml,25.234485508928223,27.039545275270115,30.60623467645107,34.91631296238643,40.64165857131162,46.843744579967726,54.053202675879206,61.83477137485208,69.67086387906275,77.9862159998376,85.61633186913281,89.7763208106358,90.72514337044348,90.72514337044348,90.72514337044348,90.72514337044348,R,1,LH,LH-R,hetero-high
10,p31.rsml,19.451033728826474,21.901307591071262,25.22024793401206,30.134324692209052,35.80828071054476,43.1191692004297,49.68110444731037,57.84861220421375,65.66610849684318,74.97375280490144,81.45911831010213,83.31121012832033,83.31121012832033,83.31121012832033,83.31121012832033,83.31121012832033,L,3,HH,HH-L,homo-high
11,p31.rsml,12.662674529210749,14.28410021360088,16.50153769718873,20.42379023877756,25.74963941137431,31.86220722932571,38.356682630851715,46.420053500936014,53.087673999648885,62.49628039689502,68.88279541222198,74.81108616504441,79.23667293405032,81.4490255845109,81.4490255845109,81.4490255845109,R,3,HH,HH-R,homo-high
12,p32.rsml,21.476961288141744,24.60237317574844,26.524526135322677,29.733633218255978,34.426282305454954,39.63460070312583,44.98517606621964,50.309916042669,56.05295107535634,63.37472056004904,68.3522276067235,75.41497092735553,81.0803321109893,83.19717939907854,83.19717939907854,83.19717939907854,L,0,LL,LL-L,homo-low
13,p32.rsml,27.998291807157337,30.54964658829531,33.08913689386007,36.283654293385624,40.3711853234476,45.20625817467622,50.258745037037286,56.35158936903964,61.62148407527995,67.63715236774989,72.26944318871526,78.67309394191608,84.76346609746618,88.70008775079818,89.29783121583984,89.37683121583984,R,0,LL,LL-R,homo-low
14,p33.rsml,27.030752547213634,29.699916357482383,33.465235039836834,37.608947898995574,43.52017969982712,49.801978061939046,57.12249853950646,64.15035034305106,71.09438658479095,78.97232045715171,81.95298960386432,81.95298960386432,81.95298960386432,81.95298960386432,81.95298960386432,81.95298960386432,L,1,LH,LH-L,hetero-low
15,p33.rsml,25.709936388370274,28.369643044942592,32.24912229919575,37.73675020869872,44.0673426406708,51.44764327274987,58.77149646196756,67.00339237403766,73.01449281520799,79.02680285378717,84.7577070145632,84.9252913217044,84.9252913217044,84.9252913217044,84.9252913217044,84.9252913217044,R,1,LH,LH-R,hetero-high
16,p37.rsml,17.184214775616887,19.660369832198338,23.209258933460706,28.014754871558438,33.433816786106384,39.36151216960761,46.06551718025683,54.21776378829082,61.726784727502405,71.08753108047665,77.68314901547778,85.5420311114074,85.5420311114074,85.6605311114074,85.6605311114074,85.6605311114074,L,3,HH,HH-L,homo-high
17,p37.rsml,28.168857872339064,30.528891405846515,34.62644060265276,39.54514594754153,44.90463457732628,50.80102252750499,57.53403237765834,64.37773252786174,71.2291615543304,80.89040305394555,87.06034745479847,93.83009048972349,93.83009048972349,93.83009048972349,93.83009048972349,93.83009048972349,R,3,HH,HH-R,homo-high
18,p38.rsml,16.84000470099496,17.87003868101698,19.249714367546247,19.953698350294747,21.353165705022143,22.69616570502214,23.595593724785765,25.498165668234947,28.353116806170586,32.20488672096681,35.336220730118754,39.771292422920595,43.81747931996549,49.719867602302195,54.69545563480738,56.91309131273106,L,0,LL,LL-L,homo-low
19,p38.rsml,20.61976758764292,22.668556634534045,24.80770588031475,26.104311393308382,27.84926398506855,29.411307208813433,31.550151055381015,34.58934173712509,38.536380545472525,43.69504551505563,47.6158935324604,53.14375217792723,58.334590534720306,63.87725073349225,69.6953306771279,72.19826576045102,R,0,LL,LL-R,homo-low
20,p39.rsml,17.73867598287505,19.399555870163713,20.53827874159119,21.55192394128397,23.297090981999556,26.157638374618482,29.904490976052926,34.95306314843556,40.59913658529807,48.168711683423325,53.12637860739151,60.6868532780917,66.84319890792528,74.75052804552843,77.50197378838338,77.50197378838338,L,1,LH,LH-L,hetero-low
21,p39.rsml,20.84399498727039,22.3579326511126,24.989930418112863,28.43225753102962,32.81925450622694,38.13830783781376,43.026748671979185,49.35795625012893,52.63859711739861,54.81253300651771,57.3321871990608,61.44765928356118,65.61553614602032,69.41164849946826,72.69395352033392,76.57783006317099,R,1,LH,LH-R,hetero-high
22,p52.rsml,20.995573152237597,22.330136714045956,25.078543318489757,29.5272648189882,34.989324790548544,41.09956417700074,47.79680043236048,55.99748015042219,62.63233447449886,71.2485562595749,77.88510092061128,85.64595497756584,89.77228512460525,89.93514779681715,90.06005776439379,90.06005776439379,L,3,HH,HH-L,homo-high
23,p52.rsml,16.70434041151611,18.548743989435135,21.412194678282727,24.675216911424716,29.311638237329742,35.31392129116826,41.96190244883785,49.27207764927209,56.044750754088305,64.69347887660113,68.95761216468769,71.28945076330467,78.21912880393194,85.71178396985702,86.28691265111019,86.28691265111019,R,3,HH,HH-R,homo-high
24,p53.rsml,22.129177850359653,24.39132443444121,26.976702890576135,29.291403393813393,32.443923411388376,35.73411268606428,38.78434980972729,42.91609429302721,47.407874800068946,53.04259799835127,56.76967386935107,61.61092132418159,66.12749624032107,70.793514725068,74.32572305093909,75.70878722154,L,0,LL,LL-L,homo-low
25,p53.rsml,26.59339959843976,28.935512017611643,31.901347248984408,34.52679889584003,38.42152568148403,43.018356603876626,47.9121585626707,53.76003987151499,59.23454949195218,65.9855389841145,70.65051858432606,74.58889593459666,78.2880029214247,80.93479768112935,84.01807568513742,84.14298565271407,R,0,LL,LL-R,homo-low
26,p54.rsml,14.879537853963615,16.065196004528104,17.657491909817068,19.058489590043557,21.91406411379219,26.841838910080668,31.78764531908588,37.55622184045403,43.64079663714165,50.71945464739227,56.10487730372703,63.03256272798225,69.13724416976417,75.7683196057197,77.98172987044694,77.98172987044694,L,1,LH,LH-L,hetero-low
27,p54.rsml,25.828546545423418,27.82567522667658,31.10631584268903,36.46177039887603,42.03335445307969,48.87031015130399,51.6476098276609,60.798214581316934,69.5291443284859,80.996398873421,87.79051369803207,87.99192496881899,88.19333623960591,88.39338379614462,88.55624646835652,88.55624646835652,R,1,LH,LH-R,hetero-high
28,p59.rsml,19.83323577171145,21.711044334904194,23.333261437464753,25.569270006006573,29.162493428652617,33.25143840449325,36.987997885719665,41.082265202777286,45.442410393049414,51.27440102299522,55.572010701907416,61.67314899513211,66.76079292247856,73.08816377923506,78.95757076521852,81.55693310995528,L,0,LL,LL-L,homo-low
29,p59.rsml,16.540340444767015,17.962340444767015,19.550220792904117,21.513554284150924,24.75351755554768,28.488398494542757,31.267107402388984,33.82683069557813,36.60560433691929,41.203194820989765,44.334106991877896,48.71513286031371,52.77035539778103,57.94261212471915,60.784921142059005,63.07898375018461,R,0,LL,LL-R,homo-low
30,p60.rsml,14.032872946431102,15.299339290239732,16.573176014470903,17.893124125138357,20.185485789448766,23.753999211086466,28.529105924665846,35.2981420400492,41.60559610964281,49.882070770166855,56.65075840044969,64.84950241670259,71.90491328596765,79.99702676350935,87.69933248193219,87.85733248193219,L,2,HL,HL-L,hetero-high
31,p60.rsml,18.690968277054044,19.857389298812482,21.46794753123467,22.323393274089618,24.457855735694416,26.9360317689658,30.54629099573073,34.76397671445504,38.87312581905693,44.72640513473361,49.11854753406458,55.48572953232157,61.160714640218565,68.01219894045998,73.8410037248301,76.4126258442358,R,2,HL,HL-R,hetero-low
32,p66.rsml,21.576298229967698,24.04469672594966,27.06505324443257,31.267233398525608,36.75221972474369,43.39875075902304,50.137551363189445,58.19665928723952,65.30751898705645,75.11799987681849,81.65479432859536,88.00608169356536,88.00608169356536,88.00608169356536,88.00608169356536,88.00608169356536,L,2,HL,HL-L,hetero-high
33,p66.rsml,22.74664529604659,24.764621591926677,27.746200116485586,30.77426612269369,34.15040698716941,38.81057250216767,44.41417776592512,50.86811820555327,56.2298332019752,64.41865724597251,68.97414318047069,75.48200867392673,81.61555241157284,85.3613849374305,85.48629490500714,85.48629490500714,R,2,HL,HL-R,hetero-low
34,p69.rsml,17.175833107191185,19.691799966228874,22.89110448147032,26.364054534488837,31.60567964536214,37.49613165410026,43.64571631941405,51.23655556249828,58.087227390273696,67.49992657834457,74.33580334348429,83.11705057371482,88.31809904592704,88.35759904592705,88.35759904592705,88.35759904592705,L,3,HH,HH-L,homo-high
35,p69.rsml,17.830829413876053,20.166072970129235,23.297626344554125,27.155418787223926,32.24040693599394,38.57320858345938,45.267536856455614,52.16952977134642,58.339557868211166,64.90140709359873,77.99936108587376,83.53074781628236,90.4200732549592,90.68301899781416,90.90329040110456,90.99161508621579,R,3,HH,HH-R,homo-high
36,p70.rsml,17.530186024525864,19.651605534546377,22.776526340533692,27.465090663057783,32.12797055034645,38.361186764881566,44.60053434676855,51.74223036387913,58.35329237244204,67.04460661451208,72.8768993299847,81.11174105025819,88.11355381010755,91.07365954721968,91.11315954721968,91.15265954721968,L,2,HL,HL-L,hetero-high
37,p70.rsml,11.4244285397459,13.267649278619377,15.553362808399504,18.914496215827008,24.1757255319084,29.3690785261608,34.84455951536098,41.65342248050192,47.05916991987175,53.745423088795945,58.96694291704143,67.30610207611386,73.42742353031254,79.72630806699699,79.9395427196849,80.02786740479614,R,2,HL,HL-R,hetero-low
38,p73.rsml,19.612265113343252,20.876265113343255,23.46806545853173,26.93681692119153,31.59901034063258,38.22187716990385,45.055440349774265,53.26250615188275,59.82811061664906,69.31108211759569,75.91951852312563,84.76258482131152,87.86604962703464,88.50296798915024,88.50296798915024,88.50296798915024,L,3,HH,HH-L,homo-high
39,p73.rsml,14.268611434143995,15.616295700711387,18.204370130393073,20.786237244858647,24.437639907246535,30.596013733824385,36.80802770066879,43.97677701849366,50.40807696414832,59.63756666726448,65.52993792966586,72.2558178669191,77.94724565351186,85.90598105871285,87.26342544063058,87.34242544063059,R,3,HH,HH-R,homo-high
40,p74.rsml,24.793993969002624,26.617850597139824,28.723577744845624,31.87129852402562,36.36240625150842,42.286799978019154,48.83273291316233,57.0640868901033,63.71524209326948,72.53163488764291,78.69939540630116,86.20333426916068,86.37998363938316,86.43584507509689,86.49170651081063,86.49170651081063,L,2,HL,HL-L,hetero-high
41,p74.rsml,21.339602005917122,22.414045113293504,23.829461126891985,24.819328289697175,27.313777527504993,30.57992141465527,35.23022736730378,40.11435388311928,44.92842328328611,51.53966672952027,56.13709188568956,62.58882401718853,68.12925455133893,74.78965727976143,80.7414245642773,82.91263734603226,R,2,HL,HL-R,hetero-low
42,p77.rsml,22.990786456256508,24.636232199111454,27.50948552521377,31.52699255832556,36.86586000760465,41.93080702165682,48.1486104640791,55.59718974368753,62.38258445703771,70.60661933501227,76.75875442470957,84.99403047781816,91.41150293740274,91.49982762251398,91.58815230762522,91.58815230762522,L,3,HH,HH-L,homo-high
43,p77.rsml,16.339240418484582,17.605706762293213,20.502631622521783,23.902137549277455,28.74387226173874,34.484513387976946,40.926499778163034,46.673216631318354,54.914326246819336,64.8091646888831,71.4075566331374,80.53214213057234,87.87956684947896,88.03756684947896,88.07706684947897,88.20197681705561,R,3,HH,HH-R,homo-high
44,p78.rsml,32.85173775809232,35.09416577785595,38.84273526755115,44.2138497973567,50.12460140125596,56.79652385361142,63.995554014297774,71.85085434381227,78.87138763061432,87.75940040162212,88.0778595826799,88.13372101839364,88.13372101839364,88.13372101839364,88.13372101839364,88.13372101839364,L,2,HL,HL-L,hetero-high
45,p78.rsml,28.633041247360698,31.765320987973908,35.04035364938249,38.804899240939875,44.53471612307473,49.37029346281705,54.62595019685542,61.18382136530196,67.86164410319715,75.51603730140089,81.53929202501422,87.28345333684094,87.43694938989515,87.79251753706775,87.91101753706775,87.99934222217898,R,2,HL,HL-R,hetero-low
46,p85.rsml,21.854954197967437,23.685598025404836,26.49897851119598,29.4651562974173,33.31843638272482,39.51436511176801,45.769562059718496,52.603656871422416,59.15951693266867,66.43641898312305,72.3977288435371,79.46063137953169,86.12733042405239,86.92127059812094,86.92127059812094,86.92127059812094,L,2,HL,HL-L,hetero-high
47,p85.rsml,22.400465630226844,24.91661593817084,26.686049718779593,28.53274430906849,31.053394045101673,34.5874326467045,38.66820155919487,43.944434312968745,49.39895808681544,56.81502448041801,62.000904795156934,68.40797674954379,74.93954608339308,82.06468266644116,86.45529411861986,87.37148978549457,R,2,HL,HL-R,hetero-low
48,p88.rsml,20.53743376636558,22.63643098817697,25.354446975833316,29.774989874657653,35.47753184994361,41.714195822663584,48.664962766420395,56.368702769453186,63.672545336799786,73.1619567732037,79.51786600222408,86.04259594058459,86.04259594058459,86.04259594058459,86.04259594058459,86.04259594058459,L,3,HH,HH-L,homo-high
49,p88.rsml,21.702501278670734,24.05866718796854,27.446240795815715,32.23580130579357,37.64710922951723,44.22821868948563,51.32833940159131,59.20046410369488,65.25676114097514,72.25227693682609,79.28372074304397,89.99084403784168,89.99084403784168,89.99084403784168,89.99084403784168,89.99084403784168,R,3,HH,HH-R,homo-high
50,p89.rsml,23.601481335330945,25.600991179039454,28.140544785893233,32.050403962260525,37.397978613684295,43.46989143651428,49.6585406824933,56.91317510964941,63.53095486127927,72.12427506239592,78.21096179346304,85.32509555975322,89.71593703880846,89.71593703880846,89.71593703880846,89.71593703880846,L,2,HL,HL-L,hetero-high
51,p89.rsml,25.816873913088113,27.693851403629758,30.385899800387584,33.26912923974894,36.74118947343406,42.202912364000554,47.56944370661452,54.23235869509413,60.302027902376246,67.82719488593732,72.94166243214661,80.31553194105676,86.40730428493869,89.5507592058022,89.60662064151593,89.60662064151593,R,2,HL,HL-R,hetero-low
52,p92.rsml,31.766084424739322,33.7631112518312,36.45920557589489,40.06355099232101,45.703920998240115,52.23239327113107,58.527466818427826,66.20920678616767,72.7652148029587,81.6765448397251,87.6439064763855,91.68086604255785,91.68086604255785,91.68086604255785,91.68086604255785,91.68086604255785,L,6,MM,MM-L,homo-medium
53,p92.rsml,30.039530461124652,32.53083246534481,35.56875273330894,41.085019083050746,47.00682366404108,55.00776742776884,61.419869007532604,69.81655694886815,76.89275476881033,86.36933086829887,92.84079371575818,92.84079371575818,92.84079371575818,92.84079371575818,92.84079371575818,92.84079371575818,R,6,MM,MM-R,homo-medium
54,p93.rsml,18.774080654339002,20.586678135228933,22.489250078678115,24.82411940708309,28.935581571257586,33.970499937599875,39.128951558172744,45.45130115171919,51.01634777033184,58.372896553354835,64.0143127230913,71.39636927039876,77.52455953565757,85.0344995638927,87.03461981027789,87.07411981027789,L,5,ML,ML-L,hetero-medium
55,p93.rsml,21.571841794858475,24.119824339062625,25.99656220471116,29.205321496797502,33.883691796564904,40.695202041170255,46.37383465365254,53.6666544395495,60.166938472263226,68.20650830166561,74.56713021749137,81.57592150898951,81.75257087921199,81.75257087921199,81.75257087921199,81.75257087921199,R,5,ML,ML-R,hetero-low(medium)
56,p96.rsml,24.468821520552908,26.410364327133685,28.450810069988634,30.691704028694847,34.86064145126404,40.71854350603558,46.33988230720906,53.696552489739396,61.19643684343477,69.08881170900388,75.67979384097681,83.46915111181445,88.17649594714835,88.17649594714835,88.17649594714835,88.17649594714835,L,6,MM,MM-L,homo-medium
57,p96.rsml,27.23760926789272,29.582551629340802,31.559130997845898,33.61152926123029,38.143014105697624,44.58088722663498,50.52640479242488,58.679788868371205,65.05780691466487,74.0107607486185,79.94358562048411,87.5393334514487,90.43704602901893,90.43704602901893,90.55554602901893,90.59504602901892,R,6,MM,MM-R,homo-medium
58,p97.rsml,22.78297010214284,25.423927047356294,28.175043091372196,30.76460117053341,36.286028429121124,41.67197191604348,46.998072505615205,53.53297661160456,61.266519108450105,70.57362003469584,77.48509197902455,86.77093273295927,89.17012684323517,89.17012684323517,89.17012684323517,89.17012684323517,L,5,ML,ML-L,hetero-medium
59,p97.rsml,20.82441470904246,23.278317546796472,25.526957721567676,28.794121839866182,34.09953622491689,41.74540561096555,48.3466493210389,56.44488135615177,61.582662743662496,69.36506497562146,75.88364215933265,84.18324921328406,86.75196431037054,87.34577951731626,87.34577951731626,87.52242888753874,R,5,ML,ML-R,hetero-low(medium)
60,p100.rsml,17.700536222637478,19.610783073749896,22.11388154388501,25.32845239164089,30.04731591709566,36.43690833496432,42.65804373757583,49.43958656249535,55.928791748361306,64.39840454868508,70.82968328122854,78.0178864584707,85.31581086010358,85.56563079525688,85.62149223097062,85.67735366668435,L,6,MM,MM-L,homo-medium
61,p100.rsml,21.762986322117346,23.251643902999596,24.804272208742347,26.818744902121644,31.14124177720698,36.753064774046756,41.882809076976,48.490902068379505,55.57015887405943,63.87339415741488,70.03628419882658,78.77952881407198,84.48547592916141,89.30457082239748,89.36043225811122,89.41629369382495,R,6,MM,MM-R,homo-medium
62,p101.rsml,23.38821654375977,25.440113034332832,27.113359885445252,30.201717818867174,34.594146609841026,41.2931823163005,47.681009611806424,55.79472990736117,62.61147399904045,72.08139707270162,78.21082087803357,86.90049268164917,88.83709034823208,88.83709034823208,88.83709034823208,88.83709034823208,L,5,ML,ML-L,hetero-medium
63,p101.rsml,23.46605171990943,26.135393027335464,28.604404061868365,31.23967434606643,36.58051974694972,43.73533793778164,49.620783259122526,57.648376693223824,64.38129402090766,73.56150533893101,79.5731898646241,87.53149303207684,89.69048554246629,89.69048554246629,89.69048554246629,89.69048554246629,R,5,ML,ML-R,hetero-low(medium)
64,p104.rsml,19.965017956814616,22.26281620621886,24.101944887472023,27.51839557631962,31.33781265164018,36.35374895410335,41.64009336335418,48.209726124778065,54.179994731789506,62.61802265591693,68.58127100214993,76.66974438833932,83.68533691276465,86.40327545615712,86.40327545615712,86.40327545615712,L,6,MM,MM-L,homo-medium
65,p104.rsml,14.757559098669015,16.10982127739028,17.36046647708306,20.60084537071771,23.1741622684875,27.457295118907666,31.831022126254787,37.47881646906178,42.58100751996252,48.889376065784134,53.78992379027372,61.415176454522324,67.89543861103067,74.97299654085364,74.97299654085364,74.97299654085364,R,6,MM,MM-R,homo-medium
66,p105.rsml,28.807093303931254,29.861084764997234,32.29642721162335,36.51201708248107,42.61601622747783,48.966326048652235,55.23164822414309,63.20738580758307,70.61171547616685,80.1290136123143,86.67052693795584,92.29328051925089,92.37228051925088,92.37228051925088,92.37228051925088,92.37228051925088,L,5,ML,ML-L,hetero-medium
67,p105.rsml,13.55829181648119,14.479582215866746,16.12522741555953,19.327723733619845,22.760206762847638,26.900125870190212,31.038350120734577,36.29341613615395,40.700498848515835,47.705951332398485,52.03395172266202,58.37524183561638,64.30439951228561,71.11739775072243,77.65027884635919,80.8066701853855,R,5,ML,ML-R,hetero-low(medium)
68,p108.rsml,14.417142303396526,16.88559299224412,17.768839843356538,20.442741360096083,24.28817289785863,29.64246803065685,34.989916442728145,40.82916153053315,47.081796033795015,54.69347322965615,60.70159468187362,67.77659633305888,75.25968709728384,82.76472592481397,88.10949883501117,89.44176241682796,L,6,MM,MM-L,homo-medium
69,p108.rsml,18.817361617212416,21.046705629338557,22.86542220978753,26.311583499592988,30.969058943955655,36.86586467258805,42.448963831647845,49.0982291059168,55.26652267441122,63.48561632101371,69.68049074183037,76.77005603598714,83.75906131729117,88.5686668960593,88.5686668960593,88.5686668960593,R,6,MM,MM-R,homo-medium
70,p109.rsml,23.6869847175303,25.419327391427853,27.503235551783384,30.00742688066177,34.166432838217965,40.94103948394596,46.80566978015081,54.17967850794551,60.26732971882958,69.68170850523853,75.26122692952949,84.03217254203146,91.63861745482669,92.3687860691091,92.68733362564782,92.72683362564783,L,5,ML,ML-L,hetero-medium
71,p109.rsml,20.206724886153832,22.1060137004209,23.592529352705863,25.5678112131574,29.141800344898897,34.407217978026914,39.80335171151231,46.6971491223169,53.18200248155308,61.19411921907122,67.29240107769853,75.362845480501,82.9207477888192,87.36299470346465,87.6478332542263,87.75955612565377,R,5,ML,ML-R,hetero-low(medium)
72,p112.rsml,23.59562162676723,26.385729490766064,27.870622417241734,29.869943852303166,33.59678185884074,38.38194595695466,42.84762037287348,49.55616579055158,56.02385179355284,64.65182107674629,70.76602474486965,78.84710373049303,86.39948627646707,90.25207035491208,90.25207035491208,90.25207035491208,L,6,MM,MM-L,homo-medium
73,p112.rsml,19.676028237027804,22.175995835299236,23.44589226700178,24.84390659708994,27.307925066345774,31.290141879348635,35.50883821723032,41.99920924301881,47.82223914779569,55.91944265087814,62.392907114236046,70.18816796030465,75.88449584894963,83.54790305462518,87.81554857059767,87.81554857059767,R,6,MM,MM-R,homo-medium
74,p113.rsml,22.62802868597066,25.074676055096987,27.609671926857366,29.336783470358775,32.2640506259153,36.17853793656464,41.73190575845784,47.30505170825796,53.98854376000597,61.54281362839335,67.30798978394698,74.72105357675017,81.05293184750016,88.4949861960824,91.61195447168527,91.61195447168527,L,4,LM,LM-L,hetero-low(medium)
75,p113.rsml,13.852401940469589,16.223718241598565,18.020700332288033,19.13792904656278,21.39256528556669,25.179077916760175,29.30201795361891,35.652404139891736,41.05597757859694,48.66757946081589,53.762296374901695,61.46620928197979,68.4544535376402,76.89767599168646,82.49648906300723,85.10827255326825,R,4,LM,LM-R,hetero-medium
76,p116.rsml,18.696335981391865,20.05076415250444,21.201021515010762,22.544021515010762,25.639842895315493,29.606541690952252,32.78867037220542,37.842194330536174,42.9132868370907,50.470077077507916,55.10992391549156,61.684614513005805,67.50956990132457,74.92737853920646,80.71966351614464,83.32100619004218,L,6,MM,MM-L,homo-medium
77,p116.rsml,21.204491461535124,23.27814741178338,24.00649142390952,26.17060904845896,28.753304297967738,32.03417146077293,35.852589805963625,41.50470863678491,47.85948570026114,56.272861381627,62.568961448040724,69.80381325594632,76.27320465715698,82.51620433679817,90.47493974199918,90.47493974199918,R,6,MM,MM-R,homo-medium
78,p120.rsml,25.11994975249972,26.962119883627153,28.650946991415278,31.406276388874083,35.73027861644517,41.647190399090384,47.373361653779,54.926108177495024,61.08311770292504,69.84245487432582,76.21198998196297,83.75774867387909,90.50924260751832,92.4548411624962,92.4548411624962,92.4548411624962,L,6,MM,MM-L,homo-medium
79,p120.rsml,19.819671695921315,20.613611869989864,23.16648042514157,25.71354101771668,29.396061695120494,34.6923207434281,39.689656975633746,45.792662678431206,51.161704014621655,58.924873156338315,64.40757251703538,71.54493787839482,78.00913017346129,85.17363741121828,86.59867139124032,86.59867139124032,R,6,MM,MM-R,homo-medium
80,p124.rsml,20.478767203521485,22.162713723736488,23.290842404989647,25.138270424753276,29.00927042475327,33.37737872908553,37.581904386081284,43.179772999765035,48.80853364670951,56.80082126228948,60.87418975331978,67.81713223112581,74.17005100568825,81.99832582321667,89.37315560073516,92.7467413199894,L,4,LM,LM-L,hetero-low(medium)
81,p124.rsml,16.20689053117604,16.83889053117604,19.032746570703292,21.158413504980434,23.56876940234005,26.62907110917836,30.459918162526847,35.7109302696202,41.21166956236722,48.58731228584609,54.2705697196636,62.021798816148284,69.03439380588215,76.81922628247979,83.7733422966764,86.88935545094432,R,4,LM,LM-R,hetero-medium
82,p127.rsml,25.636896688059455,28.175902085076746,30.38962370990551,35.9053867140035,41.403300736719665,48.43197155183552,55.59901648897462,64.10038477778306,70.79562622965086,80.20732702187284,86.17239251699263,93.27762226143258,94.56364908852446,94.60314908852446,94.64264908852446,94.64264908852446,L,6,MM,MM-L,homo-medium
83,p127.rsml,20.08992080023476,22.38843125542425,25.514166031346885,29.94035567006292,35.64302955063323,42.24578783194093,48.364312926759155,55.98159545898976,62.30812085763265,70.42201412815342,75.8553142020793,83.0238436615485,85.22248886124127,85.27835029695501,85.33421173266875,85.33421173266875,R,6,MM,MM-R,homo-medium
84,p128.rsml,24.891372219198335,27.04371418338819,29.523142203151814,31.850151046303882,36.45374693465017,41.90112050271924,47.275438095517565,54.84165272505041,61.313208111799064,70.44191114431109,75.9817526306,83.82333910171343,89.33202301107991,89.33202301107991,89.33202301107991,89.33202301107991,L,4,LM,LM-L,hetero-low(medium)
85,p128.rsml,22.3374309140565,24.452345944605277,26.839070529060095,30.15121062787823,34.32268432419056,39.77503415785104,45.18692109114808,51.941228749374396,58.44612435456691,66.64348706036368,71.14432906063811,77.52588587025834,82.85848828936928,87.31360992103161,87.35310992103162,87.35310992103162,R,4,LM,LM-R,hetero-medium
86,p131.rsml,20.757776223046307,22.684204242809933,26.117764987661044,29.140911667066383,33.87753121365598,40.025310248994124,46.1061707213797,53.64695985582209,60.55538311583206,70.07334825531882,76.51682332691414,84.48647807040972,90.45371082067092,90.5654336920984,90.5654336920984,90.5654336920984,L,6,MM,MM-L,homo-medium
87,p131.rsml,17.859196172694347,19.361757594883464,22.38034335646123,25.916679461804627,29.95192155964371,34.8705514422584,40.202067481692765,46.582590633924504,52.1998750307834,59.2151622229943,63.98330295833489,69.90578291349628,75.28276503914998,80.58271735669413,82.29767253103545,82.45567253103545,R,6,MM,MM-R,homo-medium
88,p132.rsml,17.891512991495567,20.11617319026751,23.03954932038973,26.465376222530352,30.138315566176914,32.57486050727692,33.98473940278532,37.19560142431275,40.82265236925775,46.29296388791156,50.554115383776754,56.597765021275094,61.87373611194039,67.90991424177082,73.16868895991271,75.55050948211837,L,4,LM,LM-L,hetero-low(medium)
89,p132.rsml,15.509226696408964,17.205888492407208,20.332296256971166,24.468880263125953,28.905016174398355,33.29939870520223,36.61110129664525,41.86608139917281,46.89842504189504,54.986454184226815,60.653301905902694,67.99073306270816,74.81294056484892,81.8425018448439,86.03951375535378,86.03951375535378,R,4,LM,LM-R,hetero-medium
